hastalik,aciklama,cilttipi,onerilen_urun,cilt_onerilen_urun
Vitiligo,"""Yıllardır boynumda ve yüzümde hafif lekeler var, ancak son zamanlarda yayılıyor gibi görünüyorlar. Herhangi bir ağrı veya kaşıntı hissetmedim, ancak güneşe maruz kalma ve olası komplikasyonlar konusunda endişelenmeye başladım. Bu Vitiligo olabilir mi?""",tum,"SPF50+ güneş koruyucu, Kamuflaj krem, Topikal kortikosteroid",
Uyuz,"""Doktor, bileklerimde ve dirseklerimde küçük, kırmızı şişlikler fark ettim. Deli gibi kaşınıyorlar ve yatak böcekleri veya başka bir şey konusunda endişelenmeye başladım. Daha ciddi bir şey olabilir mi?""",tum,"Permetrin %5 krem, İvermektin, Antihistaminik krem",
Vitiligo,"""Doktor, dizimin etrafında son zamanlarda soluk bir leke fark ettim ve daha önce yaşadığım güneş lekelerinden farklı görünüyor. Endişelenmem gereken bir şey mi? Herhangi bir özel krem veya losyon kullanmalı mıyım?""",tum,"SPF50+ güneş koruyucu, Kamuflaj krem, Topikal kortikosteroid",
Kurdeşen (Ürtiker),"Kurdeşen, ürtiker olarak da bilinir, genellikle ciltte farklı boyutlarda ve şekillerde kabarık, kaşıntılı kabarıklıklar olarak görülür. Bu kabarıklıklar genellikle kırmızı veya pembe renktedir ve aniden ortaya çıkabilir, saatler içinde kaybolabilir veya günlerce devam edebilir. Tek tek veya küme halinde ortaya çıkabilir, vücudun farklı bölgelerine yayılabilir. Kurdeşen, cilt döküntüsünün yanı sıra yanma veya batma hissine neden olabilir ve ara sıra dudaklarda, göz kapaklarında veya boğazda şişmeye neden olarak nefes alma veya yutma zorluğuna yol açabilir. Bazı durumlarda kurdeşenlere ateş, yorgunluk veya sindirim sorunları eşlik edebilir, ancak bu sistemik semptomlar daha az yaygındır.",hassas,"Antihistaminik krem, Seramid bariyer krem, Aloe vera jel","Termal su spreyi, Bariyer onarıcı krem, Anti-Redness krem"
Folikülit,"""Kalçalarımda oturduğumda acıyan küçük, sert şişlikler var. Kırmızı ve iltihaplı ve batık kıllardan endişeleniyorum.""",yagli,"Benzoyl Peroxide %5, Salisilik asitli temizleyici, Tea tree oil","Salisilik asitli temizleyici, Oil-free nemlendirici, Matlaştırıcı tonik"
Kurdeşen (Ürtiker),"""Doktor, bu sabah uyandığımda kollarım ve bacaklarım her yerinde kaşıntılı, kabarık şişliklerle kaplıydı. Yanıyorlar ve sivrisinek ısırığı gibi hissettiriyorlar, ama dışarı çıkmadım! Alerjik bir reaksiyon mu?""",hassas,"Antihistaminik krem, Seramid bariyer krem, Aloe vera jel","Termal su spreyi, Bariyer onarıcı krem, Anti-Redness krem"
Vitiligo,"""Anneciğim, kolumda neden bu beyaz lekeler var? Acımıyorlar ama cildimden farklı görünüyorlar. Bunu doktora sorabilir misin?""",tum,"SPF50+ güneş koruyucu, Kamuflaj krem, Topikal kortikosteroid",
Egzama,"""Birkaç ay önce egzama teşhisi kondu, ancak kullandığım kremler pek işe yaramadı. Cildim hala kaşınıyor ve rahatsız ve başka ne yapacağımı bilmiyorum.""",kuru,"Seramid nemlendirici, Topikal kortikosteroid krem, Lipid bariyer krem","Seramid nemlendirici, Lipid bariyer krem, Yağ bazlı temizleyici"
Saçkıran,"""Karnımda son birkaç haftadır beliren kırmızı, pullu bir leke var. Çok acı verici değil ama özellikle büyüyen bebek karnıyla birlikte oldukça can sıkıcı.""",tum,"Antifungal krem (Terbinafin), Antiseptik sabun, Çay ağacı yağı",
Atlet Ayağı (Tinea Pedis),"""Ayaklarımda kuru, pullu lekeler fark ettim ve bazen kaşınıyorlar. Ancak endişeliyim çünkü diyabet hastasıyım ve ayak sorunlarının ciddi olabileceğini biliyorum.""",yagli,"Antifungal sprey, Ayak deodorantı, Çinko pudra","Salisilik asitli temizleyici, Oil-free nemlendirici, Matlaştırıcı tonik"
Saçkıran,"""Köpeğimin bacağında kırmızı ve iltihaplı görünen tüysüz bir deri parçası var. Onu rahatsız ediyor gibi görünüyor ve bulaşıcı olabileceğinden korkuyorum.""",tum,"Antifungal krem (Terbinafin), Antiseptik sabun, Çay ağacı yağı",
Egzama,"""Son zamanlarda bacaklarımda kaşıntılı, pullu lekeler fark ettim. Daha önce yoktular ve ciddi bir şey olabileceğinden endişeleniyorum.""",kuru,"Seramid nemlendirici, Topikal kortikosteroid krem, Lipid bariyer krem","Seramid nemlendirici, Lipid bariyer krem, Yağ bazlı temizleyici"
Gül hastalığı,"""Yüzüm çok kolay sivilceleniyor, ama tipik akne gibi değil. Stresli veya sıcak olduğumda kötüleşen kırmızı, engebeli lekelerim var. Arkadaşlarım anlamıyor ve cildim konusunda gerçekten bilinçli hissediyorum.""",hassas,"Azelaik asit krem, Sükralfat bariyer krem, Termal sprey","Termal su spreyi, Bariyer onarıcı krem, Anti-Redness krem"
Sedef hastalığı,"""Eklemlerimde bazen çatlayan ve kanayan kalın, kırmızı lekeler var. Bunlar ağrılı ve ellerimi ve dizlerimi hareket ettirmemi zorlaştırıyor.""",tum,"Katranlı şampuan, Salisilik asit krem, Nemlendirici",
Zona (Herpes Zoster),"""Genellikle aktif ve sağlıklıyım, ancak bitkin ve ateşli hissediyorum. Şimdi, bacağımda yayılmaya başlayan kırmızı, engebeli bir döküntü var. Daha önce gördüğüm hiçbir böcek ısırığına benzemiyor ve beni gerçekten endişelendiriyor.""",tum,"Asiklovir krem, Yatıştırıcı losyon, Lidokainli krem",
İmpetigo hastalığı,"""Koç, antrenmandan bacağımda kaşıntılı kabarcıklar oluştu. Küçük kırmızı şişlikler olarak başladılar ve şimdi irinle dolup kabuklanıyorlar. İmpetigo olabilir mi?""",hassas,"Mupirosin merhem, Antiseptik temizleyici, Kurutucu pudra","Termal su spreyi, Bariyer onarıcı krem, Anti-Redness krem"
Vitiligo,"""Hamileliğim sırasında karnımda birkaç beyaz leke fark ettim. Bunun hamilelik hormonlarıyla ilgili olup olmadığından veya bebeğimi herhangi bir şekilde etkileyip etkilemeyeceğinden endişeleniyorum. Bana bunun ne olduğunu ve yapmam gereken bir şey olup olmadığını söyleyebilir misiniz?""",tum,"SPF50+ güneş koruyucu, Kamuflaj krem, Topikal kortikosteroid",
Uyuz,"Sarcoptes scabiei akarının neden olduğu bulaşıcı bir cilt rahatsızlığı olan uyuz, genellikle çeşitli semptomlarla ortaya çıkar. Özellikle geceleri görülen kaşıntı, zamanla yoğunlaşan bir belirtidir. Bulaşma, deri kıvrımlarında ve parmak aralarında döküntüye benzeyen yuva izlerine, küçük kabarcıklara veya kırmızı şişliklere yol açar. Yaygın bulaşma bölgeleri arasında bilekler, dirsekler, koltuk altları ve kasıklar bulunur. Etkilenen bölgelerin kaşınması ikincil enfeksiyonlara neden olabilir. Kişiler şiddetli kaşıntı nedeniyle uykusuzluk yaşayabilir. Uyuz teşhisi koymak ve akarların yakın temas yoluyla başkalarına bulaşmasını önlemek için derhal tıbbi yardım almak gerekir.",tum,"Permetrin %5 krem, İvermektin, Antihistaminik krem",
Kontakt Dermatit,"""Ellerim kuru ve çatlamış, bazı yerlerdeki deri soyuluyor. İş yerinde çok fazla kimyasal ve yağ kullanıyorum, bunun sebebi bu olabilir mi?""",hassas,"Topikal kortikosteroid krem, Seramid bariyer krem, Termal sprey","Termal su spreyi, Bariyer onarıcı krem, Anti-Redness krem"
Zona (Herpes Zoster),"""Genellikle sağlıklıyım, ancak son zamanlarda kendimi bitkin hissediyorum. Şimdi boynumda yayılmaya başlayan kırmızı, kaşıntılı bir döküntü var. Beni özgüvensiz ve rahatsız hissettiriyor ve buna neyin sebep olduğunu bilmiyorum.""",tum,"Asiklovir krem, Yatıştırıcı losyon, Lidokainli krem",
Folikülit,"""Yeni bir jakuzi kullanıyorum ve şimdi kollarımda ve bacaklarımda kaşıntılı, kırmızı şişlikler var. Küçük sivilcelere benziyorlar ama bir arada kümelenmişler.""",yagli,"Benzoyl Peroxide %5, Salisilik asitli temizleyici, Tea tree oil","Salisilik asitli temizleyici, Oil-free nemlendirici, Matlaştırıcı tonik"
Kontakt Dermatit,"""Koşudan sonra ayaklarım yanıyor ve kaşınıyor. Özellikle ayak parmaklarımın etrafında kırmızı ve şişler. Sanırım yeni koşu ayakkabılarım yüzünden, biraz sıkı hissettiriyorlar.""",hassas,"Topikal kortikosteroid krem, Seramid bariyer krem, Termal sprey","Termal su spreyi, Bariyer onarıcı krem, Anti-Redness krem"
Folikülit,"""Bebeğimin yüzünde sivilceye benzeyen küçük beyaz şişlikler var. Bazen kabuk bağlayıp cildinin kırmızı görünmesine neden oluyorlar.""",yagli,"Benzoyl Peroxide %5, Salisilik asitli temizleyici, Tea tree oil","Salisilik asitli temizleyici, Oil-free nemlendirici, Matlaştırıcı tonik"
Zona (Herpes Zoster),"""Birkaç gündür genel olarak kendimi iyi hissetmiyorum, ateş ve yorgunluk var. Şimdi alnımda gözümü hassaslaştıran ağrılı bir kızarıklık var. Gittikçe büyüyen bir kabarcık çizgisi gibi.""",tum,"Asiklovir krem, Yatıştırıcı losyon, Lidokainli krem",
Akne,"Akne, papüller, püstüller, nodüller ve kistler gibi iltihaplı semptomlar sergileyerek çeşitli biçimlerde ortaya çıkar ve her biri farklı boyutlarda ve hassasiyet seviyelerindedir. Bunlara ek olarak, kızarıklık, şişlik ve yağlı cilt eşliğinde siyah noktalar ve beyaz noktalar gibi iltihaplı olmayan belirtiler ortaya çıkar. Durum genellikle özellikle şiddetli veya tedavi edilmediğinde yara izine yol açarak kişinin duygusal refahını etkiler. Aknenin semptom yelpazesi, görünür lezyonlar, cilt dokusu değişiklikleri ve psikolojik etkiler cilt tipi, hormonal dalgalanmalar ve yaşam tarzı seçimleri gibi faktörlerden kaynaklanır. Bir dermatologdan rehberlik almak, bu çeşitli belirtileri etkili bir şekilde yönetmek için özel tedavide yardımcı olur.",yagli,"Benzoyl Peroxide %5-10, Salisilik Asit %2, Niacinamide serum, Retinoid krem","Salisilik asitli temizleyici, Oil-free nemlendirici, Matlaştırıcı tonik"
Egzama,"Atopik dermatit olarak da bilinen egzama, cildin görünümünü ve dokusunu etkileyen çeşitli semptomlar gösterir. Yaygın belirtiler arasında, genellikle yoğun kaşıntıyla birlikte görülen kırmızı veya iltihaplı lekeler bulunur ve bu da kaşınmaya ve sonrasında cilt kalınlaşmasına yol açabilir. Bu bölgeler zamanla sızabilir, kabuklanabilir veya pullanabilir. Egzama genellikle rengi bozulabilen veya küçük, kabarık şişlikler geliştirebilen kuru, hassas cilde neden olur. Şiddetli vakalarda, ağrılı çatlaklara veya yarıklara yol açabilir. Ek olarak, egzama kaşıntı nedeniyle uyku bozukluklarına neden olabilir, günlük yaşamı etkileyebilir ve kalıcı yapısı nedeniyle potansiyel olarak duygusal sıkıntıya neden olabilir. Erken teşhis ve uygun tedavi, semptomları hafifletmeye ve alevlenmeleri önlemeye yardımcı olur.",kuru,"Seramid nemlendirici, Topikal kortikosteroid krem, Lipid bariyer krem","Seramid nemlendirici, Lipid bariyer krem, Yağ bazlı temizleyici"
Kontakt Dermatit,"""Kollarım ve bacaklarım bu döküntüyle kaplı. Kaşınıyor ve engebeli ve bazı şişliklerden berrak sıvı sızıyor. Bütün gün bahçede çalıştım, dışarıda dokunduğum bir şey olabilir mi?""",hassas,"Topikal kortikosteroid krem, Seramid bariyer krem, Termal sprey","Termal su spreyi, Bariyer onarıcı krem, Anti-Redness krem"
Atlet Ayağı (Tinea Pedis),"""Son yurtdışı seyahatimden sonra ayaklarım çılgınca kaşınmaya başladı. Ayak parmaklarımın arasındaki deri çatladı ve kızardı ve yayılıyor gibi görünüyor. Sanırım plajda ortak sandalet kullandım.""",yagli,"Antifungal sprey, Ayak deodorantı, Çinko pudra","Salisilik asitli temizleyici, Oil-free nemlendirici, Matlaştırıcı tonik"
Saçkıran,"""Doktor, kolumda giderek büyüyen, kaşıntılı, kırmızı bir halka var. Pullu ve biraz engebeli ve kaşıdığımda çok tahriş oluyor.""",tum,"Antifungal krem (Terbinafin), Antiseptik sabun, Çay ağacı yağı",
Saçkıran,"""Asya seyahatimden döndüğümden beri kolumda kaşıntılı, halka şeklinde bir döküntü oluştu. Seyahatlerim sırasında kaptığım bir şey olabilir diye düşünüyorum.""",tum,"Antifungal krem (Terbinafin), Antiseptik sabun, Çay ağacı yağı",
Kontakt Dermatit,"""Ellerim kuru ve çatlamış, bazı yerlerdeki deri soyuluyor. İş yerinde çok fazla kimyasal ve yağ kullanıyorum, bunun sebebi bu olabilir mi?""",hassas,"Topikal kortikosteroid krem, Seramid bariyer krem, Termal sprey","Termal su spreyi, Bariyer onarıcı krem, Anti-Redness krem"
Atlet Ayağı (Tinea Pedis),"Tinea Pedis olarak da bilinen Atlet Ayağı, çeşitli belirgin semptomlarla ortaya çıkar. Genellikle ayak parmakları arasında kaşıntı ve yanma hissiyle başlar. İlerledikçe cilt giderek daha fazla kızarır, pullu hale gelir ve soyulup çatlayabilir, bu da ağrıya ve rahatsızlığa yol açar. Bazı durumlarda, sıvı sızdıran ve genel rahatsızlığa katkıda bulunan kabarcıklar oluşabilir. Etkilenen bölge genellikle kötü bir koku sergiler ve tedavi edilmezse enfeksiyon ayağın diğer bölgelerine yayılabilir. Atlet Ayağı semptomlarının yoğunluğu değişir, ancak hızlı tedavi, uygun hijyen ve antifungal ilaçlar durumu etkili bir şekilde hafifletebilir.",yagli,"Antifungal sprey, Ayak deodorantı, Çinko pudra","Salisilik asitli temizleyici, Oil-free nemlendirici, Matlaştırıcı tonik"
Akne,"""Koç, son zamanlarda antrenmandan sonra yüzümde çok fazla sivilce çıkıyor. Antrenman sırasında çok terliyorum ve bunun gözeneklerimi tıkadığını düşünüyorum. Performansımı etkileyebileceğinden endişeleniyorum ve hiçbir maçı kaçırmak istemiyorum. Bunu önlemek için yapabileceğim bir şey var mı?""",yagli,"Benzoyl Peroxide %5-10, Salisilik Asit %2, Niacinamide serum, Retinoid krem","Salisilik asitli temizleyici, Oil-free nemlendirici, Matlaştırıcı tonik"
Gül hastalığı,"""Yağlı bir cildim ve rosacea'm var, bu kafa karıştırıcı bir kombinasyon gibi görünüyor. Kırmızı lekeler ve şişlikler çıkıyor, ama aynı zamanda sivilcelerim ve aşırı parlamam da var. Hangi cilt bakım rutininin benim için doğru olduğundan emin değilim.""",hassas,"Azelaik asit krem, Sükralfat bariyer krem, Termal sprey","Termal su spreyi, Bariyer onarıcı krem, Anti-Redness krem"
Folikülit,"Folikülit, saç köklerinin etrafında küçük kırmızı veya beyaz başlı sivilceler olarak kendini gösterir. Genellikle kafa derisi, yüz, göğüs, sırt veya kasıkta görülür ve kaşıntı, hassasiyet veya yanma hissine neden olabilir. Etkilenen bölgede irin dolu kabarcıklar veya kabuklanma görülebilir ve şiddetli vakalarda saç dökülmesine yol açabilir. Folikülit semptomları, hafif rahatsızlıktan yara izi bırakabilen ağrılı döküntülere kadar değişir. Genellikle bakteri veya mantar enfeksiyonlarından kaynaklanan bu durum, dar giysilerden kaynaklanan sürtünmeden veya yağ veya makyaj gibi maddelerden kaynaklanan cilt tahrişinden de kaynaklanabilir. Tıbbi yardım almak, nedeni belirlemeye ve uygun tedavileri seçmeye yardımcı olur.",yagli,"Benzoyl Peroxide %5, Salisilik asitli temizleyici, Tea tree oil","Salisilik asitli temizleyici, Oil-free nemlendirici, Matlaştırıcı tonik"
Kurdeşen (Ürtiker),"""Karnımda ve uyluklarımda sürekli olarak bu kaşıntılı şişlikler çıkıyor. Hızla gelip gidiyorlar ama beni çileden çıkarıyorlar! İlk hamileliğimde bunlar yoktu.""",hassas,"Antihistaminik krem, Seramid bariyer krem, Aloe vera jel","Termal su spreyi, Bariyer onarıcı krem, Anti-Redness krem"
Kurdeşen (Ürtiker),"""Güneşe çıktığım anda cildim şişmeye ve kaşınmaya başlıyor. Yıllardır yazın tadını çıkaramıyorum! Yapabileceğim bir şey var mı?""",hassas,"Antihistaminik krem, Seramid bariyer krem, Aloe vera jel","Termal su spreyi, Bariyer onarıcı krem, Anti-Redness krem"
Gül hastalığı,"""Cildim son zamanlarda sorun çıkarmaya başladı ve bunun hamileliğimle ilgili olup olmadığından emin değilim. Yüzümde daha önce olmayan kırmızı lekeler ve şişlikler var. Hamileyken ilaç kullanmaktan endişe ediyorum.""",hassas,"Azelaik asit krem, Sükralfat bariyer krem, Termal sprey","Termal su spreyi, Bariyer onarıcı krem, Anti-Redness krem"
Egzama,"""Son zamanlarda egzama hastalığımın alevlendiğini fark ettim ve bunun stresle ilgili olabileceğini düşünüyorum. Şu anda çok şey yaşıyorum ve bu durum cildimi etkiliyor.""",kuru,"Seramid nemlendirici, Topikal kortikosteroid krem, Lipid bariyer krem","Seramid nemlendirici, Lipid bariyer krem, Yağ bazlı temizleyici"
Gül hastalığı,"""Yoğun antrenmanlardan sonra, özellikle sıcak havalarda, yüzümün kızardığını ve kızardığını fark ettim. Sıcak ve karıncalanma hissi veriyor ve bunun performansımı etkileyebileceğinden endişeleniyorum.""",hassas,"Azelaik asit krem, Sükralfat bariyer krem, Termal sprey","Termal su spreyi, Bariyer onarıcı krem, Anti-Redness krem"
Zona (Herpes Zoster),"""Doktor, sağ tarafımda, kaburgalarımın yakınında yanan bir döküntü var. Kırmızı ve kabarcıklı ve sanki biri sürekli cildime iğne batırıyormuş gibi hissediyorum. Ayrıca çok ağrıyor, özellikle dokunmaya çalıştığımda.""",tum,"Asiklovir krem, Yatıştırıcı losyon, Lidokainli krem",
Gül hastalığı,"""Cildim her şeye karşı çok hassas ve temel cilt bakım ürünleri bile cildimi tahriş ediyor. Rosacea hastalığım var ama herhangi bir tedaviyi denemekten korkuyorum çünkü cildimi daha da kötüleştireceğinden endişeleniyorum.""",hassas,"Azelaik asit krem, Sükralfat bariyer krem, Termal sprey","Termal su spreyi, Bariyer onarıcı krem, Anti-Redness krem"
Gül hastalığı,"Rosacea genellikle çeşitli semptomlarla ortaya çıkar ve sıklıkla yüz derisini etkiler. Yaygın belirtiler arasında, çoğunlukla yüzün ortasında, genellikle güneş yanığı veya kızarıklığa benzeyen kalıcı kızarıklık bulunur. Küçük kan damarları, hassas veya ağrılı olabilen akne benzeri kırmızı, şişkin şişliklerle birlikte görünür hale gelebilir. Ek olarak, rosacea hastaları kuru, tahriş olmuş veya sulu gözler ve özellikle burunda rinofima olarak bilinen bir duruma yol açan ciltte kalınlaşma yaşayabilir. Alevlenmeler belirli yiyecekler, içecekler, stres veya çevresel faktörler tarafından tetiklenebilir. Hastalığın değişkenliği ve olası uzun vadeli etkileri nedeniyle, tanı ve kişiye özel tedavi için dermatolojik tavsiye almak çok önemlidir.",hassas,"Azelaik asit krem, Sükralfat bariyer krem, Termal sprey","Termal su spreyi, Bariyer onarıcı krem, Anti-Redness krem"
Kontakt Dermatit,"""Ellerim kuru ve çatlamış, bazı yerlerdeki deri soyuluyor. İş yerinde çok fazla kimyasal ve yağ kullanıyorum, bunun sebebi bu olabilir mi?""",hassas,"Topikal kortikosteroid krem, Seramid bariyer krem, Termal sprey","Termal su spreyi, Bariyer onarıcı krem, Anti-Redness krem"
İmpetigo hastalığı,"""Yeni doğan bebeğimin burnu ve kulağının yakınında minik kırmızı şişlikler var. Biraz çiğ görünüyorlar ve berrak bir sıvı sızdırıyorlar. İmpetigo olabilir mi?""",hassas,"Mupirosin merhem, Antiseptik temizleyici, Kurutucu pudra","Termal su spreyi, Bariyer onarıcı krem, Anti-Redness krem"
Akne,"""Şu anda işte çok fazla şey yapıyorum ve bunun yüzümde görülmeye başladığını düşünüyorum. Normalden daha fazla sivilce olduğunu fark ettim ve cildim yağlı ve iltihaplı hissediyor. Stresle başa çıkmak ve aynı zamanda cildimi iyileştirmek için yapabileceğim bir şey var mı?""",yagli,"Benzoyl Peroxide %5-10, Salisilik Asit %2, Niacinamide serum, Retinoid krem","Salisilik asitli temizleyici, Oil-free nemlendirici, Matlaştırıcı tonik"
Egzama,"""Çocuğumda tıpkı benim küçükken yaşadığım gibi egzama oluştu. Bunun onlar için daha da kötüleşeceğinden endişeleniyorum ve ona nasıl yardımcı olabileceğimi bilmek istiyorum.""",kuru,"Seramid nemlendirici, Topikal kortikosteroid krem, Lipid bariyer krem","Seramid nemlendirici, Lipid bariyer krem, Yağ bazlı temizleyici"
Folikülit,"""Sırtımda ve göğsümde jilet darbeleri gibi hissedilen minik kırmızı şişlikler var. Özellikle terlediğimde çok kaşınıyor ve rahatsız oluyorum.""",yagli,"Benzoyl Peroxide %5, Salisilik asitli temizleyici, Tea tree oil","Salisilik asitli temizleyici, Oil-free nemlendirici, Matlaştırıcı tonik"
Sedef hastalığı,"""Aylardır kafa derim kaşınıyor ve pullanıyor. Hangi şampuanı kullanırsam kullanayım düzelmiyor. Son zamanlarda kulaklarıma ve boynuma yayılmaya başladı.""",tum,"Katranlı şampuan, Salisilik asit krem, Nemlendirici",
İmpetigo hastalığı,"""Çocuğumun kreşi aradı ve impetigo olduğunu söyledi. Şimdi diğer çocuğumun da bu hastalığa yakalanmasından endişeleniyorum. Nelere dikkat etmeliyim?""",hassas,"Mupirosin merhem, Antiseptik temizleyici, Kurutucu pudra","Termal su spreyi, Bariyer onarıcı krem, Anti-Redness krem"
Kontakt Dermatit,"""Doktor, ellerim bütün hafta boyunca kaşınıyor ve kızarıyor. Çatlamış ve şişmiş durumdalar ve sanki minik kabarcıklar oluşuyormuş gibi hissediyorum. Bunun iş yerinde dokunduğum bir şeyden kaynaklandığını düşünüyorum, belki de yeni temizlik ürünlerinden?""",hassas,"Topikal kortikosteroid krem, Seramid bariyer krem, Termal sprey","Termal su spreyi, Bariyer onarıcı krem, Anti-Redness krem"
Atlet Ayağı (Tinea Pedis),"""Ayaklarım hassas ve ağrılı hissediyor, özellikle de parmak aralarım. Ve oradaki deri biraz renk değiştirmiş ve kalınlaşmış gibi görünüyor. Daha önce böyle bir şey yaşamamıştım.""",yagli,"Antifungal sprey, Ayak deodorantı, Çinko pudra","Salisilik asitli temizleyici, Oil-free nemlendirici, Matlaştırıcı tonik"
Vitiligo,"""Son zamanlarda bacaklarımda, ayak bileklerimde ve dizlerimde soluk lekeler fark ettim. Antrenman rutinimi değiştirmedim ama bunun performansımı veya iyileşmemi etkileyebileceğinden endişeleniyorum. Farklı yapmam gereken bir şey var mı?""",tum,"SPF50+ güneş koruyucu, Kamuflaj krem, Topikal kortikosteroid",
Kontakt Dermatit,"""Ellerim kuru ve çatlamış, bazı yerlerdeki deri soyuluyor. İş yerinde çok fazla kimyasal ve yağ kullanıyorum, bunun sebebi bu olabilir mi?""",hassas,"Topikal kortikosteroid krem, Seramid bariyer krem, Termal sprey","Termal su spreyi, Bariyer onarıcı krem, Anti-Redness krem"
Vitiligo,"""Doktor, son zamanlarda cildimde beyaz lekelerin belirdiğini fark ettim. Çoğunlukla ellerimin ve kollarımın etrafındalar ve giderek büyüyorlar. Özellikle okulda kendimi çok bilinçli hissetmeme neden oluyor. Yapabileceğim bir şey var mı?""",tum,"SPF50+ güneş koruyucu, Kamuflaj krem, Topikal kortikosteroid",
İmpetigo hastalığı,"""Doktor, 4 yaşındaki çocuğumun ağzının ve burnunun etrafında kırmızı, ağrılı şişlikler var. Kabuklu ve sarımsı görünüyorlar ve sürekli kaşıyor. İmpetigo mu?""",hassas,"Mupirosin merhem, Antiseptik temizleyici, Kurutucu pudra","Termal su spreyi, Bariyer onarıcı krem, Anti-Redness krem"
Atlet Ayağı (Tinea Pedis),"""Ayaklarım beni öldürüyor! Kaşınıyor ve yanıyor, ayrıca ayak tabanlarındaki deri pullu ve kuru hissediliyor. Bu durum gerçekten de pratiğimi etkiliyor, artık ayaklarımı kaldıramıyorum bile.""",yagli,"Antifungal sprey, Ayak deodorantı, Çinko pudra","Salisilik asitli temizleyici, Oil-free nemlendirici, Matlaştırıcı tonik"
Atlet Ayağı (Tinea Pedis),"""Utanç verici ama ayaklarım berbat kokuyor! Ve haftalardır ayak parmaklarımın etrafı kaşınıyor ve kızarıyor. Bunun sadece ter olduğunu düşünmüştüm ama giderek kötüleşiyor.""",yagli,"Antifungal sprey, Ayak deodorantı, Çinko pudra","Salisilik asitli temizleyici, Oil-free nemlendirici, Matlaştırıcı tonik"
Kurdeşen (Ürtiker),"""Arkadaşlarım kurdeşenlerin egzersizden kaynaklanabileceğini söyledi ve dün spor salonunda gerçekten çok çalıştım. Şimdi boynumda ve kollarımda kocaman kabarıklıklar var. Endişelenmeli miyim?""",hassas,"Antihistaminik krem, Seramid bariyer krem, Aloe vera jel","Termal su spreyi, Bariyer onarıcı krem, Anti-Redness krem"
Sedef hastalığı,"""Sedef hastalığım tüm vücudumu kaplamış durumda ve çok kalın ve ağrılı. Sedef artriti yüzünden eklemlerimi artık zar zor hareket ettirebiliyorum. Kendimi umutsuz hissediyorum.""",tum,"Katranlı şampuan, Salisilik asit krem, Nemlendirici",
Sedef hastalığı,"""Sedef hastalığım genellikle yarışmalardan önce alevleniyor ve antrenman yapmayı ve performans göstermeyi zorlaştırıyor. Kollarımdaki lekeler kaşınıyor ve dikkat dağıtıyor.""",tum,"Katranlı şampuan, Salisilik asit krem, Nemlendirici",
Gül hastalığı,"""Yıllardır rosacea ile uğraşıyorum, ancak son zamanlarda daha da kötüye gidiyor gibi görünüyor. Kızarıklık daha belirgin ve burnumda kendimi bilinçli hissettiren genişlemiş kan damarlarım var. Kalıcı hasardan endişeleniyorum.""",hassas,"Azelaik asit krem, Sükralfat bariyer krem, Termal sprey","Termal su spreyi, Bariyer onarıcı krem, Anti-Redness krem"
Egzama,"""Bebeğim durmadan cildini kaşıyor ve yer yer kırmızı ve engebeli. Bu onu geceleri uyutmuyor ve enfeksiyondan endişeleniyorum.""",kuru,"Seramid nemlendirici, Topikal kortikosteroid krem, Lipid bariyer krem","Seramid nemlendirici, Lipid bariyer krem, Yağ bazlı temizleyici"
Uyuz,"""Doktor, bebeğim bütün gece çılgınca kaşınıyor, özellikle ellerini ve ayaklarını. Ciltleri bazı yerlerde kırmızı ve engebeli görünüyor ve kaşınmayı bırakamıyor gibi görünüyor!""",tum,"Permetrin %5 krem, İvermektin, Antihistaminik krem",
Uyuz,"""Son zamanlarda stresli hissediyorum ve kollarımda bu küçük, kırmızı şişlikleri fark ettim. Sürekli kaşıyorum ve bunun daha ciddi bir şeyin işareti olduğundan endişeleniyorum. Acaba hepsi kafamın içinde mi?""",tum,"Permetrin %5 krem, İvermektin, Antihistaminik krem",
İmpetigo hastalığı,"""Anne, egzama lekelerim kötüleşiyor. Daha kırmızı ve kaşıntılılar ve bazıları kabarcıklanıp kabuk bağlamaya başladı. İmpetigo olabilir mi?""",hassas,"Mupirosin merhem, Antiseptik temizleyici, Kurutucu pudra","Termal su spreyi, Bariyer onarıcı krem, Anti-Redness krem"
Kurdeşen (Ürtiker),"""Anneciğim, cildim kaşınıyor ve garip hissediyorum!"" (kollarındaki kırmızı, kabarık şişlikleri işaret ederek)",hassas,"Antihistaminik krem, Seramid bariyer krem, Aloe vera jel","Termal su spreyi, Bariyer onarıcı krem, Anti-Redness krem"
Akne,"""Son zamanlarda gerçekten sağlıklı besleniyorum, ancak yüzümdeki bu inatçı sivilcelerden hâlâ kurtulamıyorum. Süt ürünlerinin veya şekerin sivilceleri kötüleştirebileceğini okudum, ancak benim için durumun böyle olduğunu düşünmüyorum. Başka ne buna sebep olabilir?""",yagli,"Benzoyl Peroxide %5-10, Salisilik Asit %2, Niacinamide serum, Retinoid krem","Salisilik asitli temizleyici, Oil-free nemlendirici, Matlaştırıcı tonik"
Atlet Ayağı (Tinea Pedis),"""Ayak tırnaklarım berbat görünüyor! Renkleri bozulmuş ve ufalanıyorlar ve etraflarındaki deri kırmızı ve şiş. Bazen tırnaklarımı ısırıyorum, bunun bir ilgisi olabilir mi?""",yagli,"Antifungal sprey, Ayak deodorantı, Çinko pudra","Salisilik asitli temizleyici, Oil-free nemlendirici, Matlaştırıcı tonik"
Sedef hastalığı,"""Sedef hastalığım cinsel organımda ve çok ağrılı ve utanç verici. Artık partnerimle yakın ilişkiye giremiyorum.""",tum,"Katranlı şampuan, Salisilik asit krem, Nemlendirici",
Zona (Herpes Zoster),"""Sırtım son zamanlarda beni öldürüyor, özellikle de bir tarafımda. Sadece kas çekilmesi olduğunu düşünmüştüm ama şimdi bu kırmızı, kaşıntılı döküntünün geliştiğini görüyorum. Daha önce gördüğüm hiçbir şeye benzemiyor ve kesinlikle düzelmiyor.""",tum,"Asiklovir krem, Yatıştırıcı losyon, Lidokainli krem",
Akne,"""Doktor, yüzüm son zamanlarda çılgınca sivilceleniyor. Alnımda ve çenemde kocaman sivilceler var ve gerçekten kırmızı ve ağrılı. Reçetesiz satılan bir şeyler denedim ama işe yaramıyor gibi görünüyor. Bana daha güçlü bir şey verebilir misiniz?""",yagli,"Benzoyl Peroxide %5-10, Salisilik Asit %2, Niacinamide serum, Retinoid krem","Salisilik asitli temizleyici, Oil-free nemlendirici, Matlaştırıcı tonik"
Atlet Ayağı (Tinea Pedis),"""Doktor, ayaklarım son zamanlarda çılgınca kaşınıyor, özellikle de parmak aralarım. Koştuktan sonra daha da kötü oluyor ve parmak aralarımdaki deri kızarıp çatlamaya başlıyor.""",yagli,"Antifungal sprey, Ayak deodorantı, Çinko pudra","Salisilik asitli temizleyici, Oil-free nemlendirici, Matlaştırıcı tonik"
Kontakt Dermatit,"""Göz kapaklarım şiş ve kabarık, kaşıntılı ve ağrılı hissediyorlar. Dün yeni bir göz farı denedim, bunun sebebi bu olabilir mi?""",hassas,"Topikal kortikosteroid krem, Seramid bariyer krem, Termal sprey","Termal su spreyi, Bariyer onarıcı krem, Anti-Redness krem"
Vitiligo,"""Kardeşim Vitiligo hastası ve yakın zamanda parmaklarımda benzer beyaz lekeler fark ettim. Hastalığın daha da ilerlemesi konusunda endişelenmeli miyim? Bunu önlemek için yapabileceğim bir şey var mı?""",tum,"SPF50+ güneş koruyucu, Kamuflaj krem, Topikal kortikosteroid",
Uyuz,"""Birkaç hafta içinde doğum yapacağım ve karnımda ve göğüslerimde korkunç bir kaşıntı var. Beni geceleri uyutmuyor ve bunu bebeğe geçirmekten endişeleniyorum. Ne olabilir?""",tum,"Permetrin %5 krem, İvermektin, Antihistaminik krem",
Kontakt Dermatit,"Kontakt dermatit, tahriş edici maddelere veya alerjenlere maruz kalındığında çeşitli karakteristik semptomlarla ortaya çıkar. Bunlara kızarıklık, kaşıntı ve cilt iltihabı dahildir ve genellikle döküntü veya kabarcıklarla birlikte görülür. Etkilenen bölgede kuruluk, pullanma veya ciltte kalınlaşma gelişebilir. Ağrı veya hassasiyet de yaşanabilir. Kontakt dermatit, karşılaşılan tahriş edici maddeye veya alerjene bağlı olarak farklı şekillerde ortaya çıkabilir ve semptomlar hemen veya uzun süreli maruziyetten sonra ortaya çıkabilir. Şiddetli vakalarda, semptomlar temas alanının ötesine yayılabilir ve rahatsızlığa neden olabilir. Tetikleyicilerin derhal belirlenmesi ve önlenmesi, bu durumu etkili bir şekilde yönetmek için önemlidir.",hassas,"Topikal kortikosteroid krem, Seramid bariyer krem, Termal sprey","Termal su spreyi, Bariyer onarıcı krem, Anti-Redness krem"
İmpetigo hastalığı,"İmpetigo, oldukça bulaşıcı bir bakteriyel cilt enfeksiyonudur ve genellikle belirgin semptomlarla ortaya çıkar. Bu durum genellikle ağız ve burun çevresinde kırmızı yaralar veya kabarcıklar olarak görülür, ancak vücudun diğer bölgelerinde de görülebilir. Bu yaralar hızla patlayarak bal rengi kabuklar oluşturur. Cilt lezyonlarına kaşıntı, rahatsızlık ve şişmiş lenf düğümleri eşlik edebilir. İmpetigo doğrudan temas yoluyla yayılabilir ve ciddi vakalarda ateş veya şişmiş bezler gelişebilir. Enfeksiyonun yayılmasını önlemek ve komplikasyon riskini en aza indirirken daha hızlı iyileşmeyi kolaylaştırmak için derhal tıbbi müdahale önemlidir",hassas,"Mupirosin merhem, Antiseptik temizleyici, Kurutucu pudra","Termal su spreyi, Bariyer onarıcı krem, Anti-Redness krem"
Akne,"""Sivilcelerim yüzünden aynaya bile bakmak istemiyorum. Kendimi gerçekten bilinçli hissetmeme neden oluyor ve okula gitmek veya kimsenin etrafında olmak istemiyorum. Tekrar özgüvenli hissedebilmem için bunu temizlememe yardım edebilir misin?""",yagli,"Benzoyl Peroxide %5-10, Salisilik Asit %2, Niacinamide serum, Retinoid krem","Salisilik asitli temizleyici, Oil-free nemlendirici, Matlaştırıcı tonik"
Akne,"""Annem ve babamın ikisi de küçükken kötü sivilce sorunu yaşıyordu ve bende de aynı türden sivilceler oluşmaya başladı. Onlarınki kadar kötüleşmesini önlemek için yapabileceğim bir şey var mı?""",yagli,"Benzoyl Peroxide %5-10, Salisilik Asit %2, Niacinamide serum, Retinoid krem","Salisilik asitli temizleyici, Oil-free nemlendirici, Matlaştırıcı tonik"
İmpetigo hastalığı,"""Dışarıda uyuduğum için yaralarımın etrafında ağrılı sivilceler oluştu. Kabuklanıp yayılıyorlar ve enfeksiyon kapmaktan endişe ediyorum.""",hassas,"Mupirosin merhem, Antiseptik temizleyici, Kurutucu pudra","Termal su spreyi, Bariyer onarıcı krem, Anti-Redness krem"
Folikülit,"""Egzama için yeni bir steroid krem kullandıktan sonra, kremi sürdüğüm yerde ağrılı şişlikler oluştu. Kırmızı ve irin dolular ve dokunduğumda acıyorlar.""",yagli,"Benzoyl Peroxide %5, Salisilik asitli temizleyici, Tea tree oil","Salisilik asitli temizleyici, Oil-free nemlendirici, Matlaştırıcı tonik"
Kontakt Dermatit,"""Ellerim kuru ve çatlamış, bazı yerlerdeki deri soyuluyor. İş yerinde çok fazla kimyasal ve yağ kullanıyorum, bunun sebebi bu olabilir mi?""",hassas,"Topikal kortikosteroid krem, Seramid bariyer krem, Termal sprey","Termal su spreyi, Bariyer onarıcı krem, Anti-Redness krem"
Folikülit,"""Doktor, kafa derimde sürekli kızaran ve irin dolu küçük, kaşıntılı şişlikler var. Bazen dokunduğumda acıyor.""",yagli,"Benzoyl Peroxide %5, Salisilik asitli temizleyici, Tea tree oil","Salisilik asitli temizleyici, Oil-free nemlendirici, Matlaştırıcı tonik"
Kurdeşen (Ürtiker),"""Kurdeşenlerim aylardır gelip gidiyor. Her şeyi denedim ama hiçbir şey işe yaramıyor! Uyku düzenimi ve günlük hayatımı etkiliyor.""",hassas,"Antihistaminik krem, Seramid bariyer krem, Aloe vera jel","Termal su spreyi, Bariyer onarıcı krem, Anti-Redness krem"
Zona (Herpes Zoster),"""Sol omzumda birkaç gündür garip bir karıncalanma ve kaşıntı var. Şimdi, kolumdan aşağı doğru yayılan kırmızı, engebeli bir kızarıklığa dönüştü. Çok rahatsız edici ve bulaşıcı bir şey olabileceğinden endişeleniyorum.""",tum,"Asiklovir krem, Yatıştırıcı losyon, Lidokainli krem",
İmpetigo hastalığı,"""Dün çenemde kırmızı, kaşıntılı kabarcıklar fark ettim. Yayılıyor gibi görünüyorlar ve şimdi kabuk bağladılar. Sanırım spor salonunda bir havluyu paylaştığım için kapmış olabilirim.""",hassas,"Mupirosin merhem, Antiseptik temizleyici, Kurutucu pudra","Termal su spreyi, Bariyer onarıcı krem, Anti-Redness krem"
Saçkıran,"Tinea Corporis olarak da bilinen saçkıran, birkaç belirgin semptomla karakterize bir mantar enfeksiyonu olarak ortaya çıkar. Genellikle ciltte kırmızı, pullu yamalar olarak görülür ve genellikle kenarları kabarıktır, bir halkayı andırır. Bu dairesel veya oval şekilli döküntüler kaşıntıya, rahatsızlığa veya yanma hissine neden olabilir. Genellikle kollarda, bacaklarda, gövdede veya yüzde görülür ve enfekte kişilerle veya kirli nesnelerle doğrudan temas yoluyla yayılır. Bazı durumlarda yamaların kırmızı, kabarık bir sınırı olan berrak bir merkezi olabilir. Ek olarak, etkilenen ciltte iltihaplanma veya kabarcıklanma belirtileri görülebilir. Hemen tedavi aramak semptomları hafifletmeye ve enfeksiyonun yayılmasını önlemeye yardımcı olur.",tum,"Antifungal krem (Terbinafin), Antiseptik sabun, Çay ağacı yağı",
Zona (Herpes Zoster),"Varisella-zoster virüsünün (suçiçeğine neden olan virüsle aynı) neden olduğu zona, genellikle vücudun bir tarafındaki belirli bir bölgede karıncalanma, yanma veya bıçak saplanır gibi bir ağrıyla başlar. Bu genellikle kırmızı döküntünün ortaya çıkmasından önce gelir ve bu döküntü sıvı dolu kabarcıklara dönüşür. Döküntü, sinirler boyunca bir bant veya şeride benzeyen dermatomal bir deseni izler. Diğer semptomlar arasında kaşıntı, dokunmaya karşı hassasiyet ve bazen ateş, baş ağrısı veya yorgunluk bulunur. Ağrı hafiften şiddetliye kadar değişebilir ve döküntü kaybolduktan sonra bile devam edebilir. Semptomları yönetmek ve komplikasyon riskini azaltmak için derhal tıbbi yardım almak çok önemlidir.",tum,"Asiklovir krem, Yatıştırıcı losyon, Lidokainli krem",
Saçkıran,"""Bacağımda gümüş rengi ve kuru olan garip bir leke fark ettim. Çok acımıyor ama özellikle geceleri biraz kaşınıyor. Bir tür kızarıklık mı?""",tum,"Antifungal krem (Terbinafin), Antiseptik sabun, Çay ağacı yağı",
Uyuz,"""Güneydoğu Asya'da sırt çantalı bir geziden yeni döndüm ve kollarımda ve bacaklarımda kaşıntılı şişlikler oluştu. Daha önce yoktular ve bunun yol boyunca edindiğim bir şey olup olmadığını merak ediyorum.""",tum,"Permetrin %5 krem, İvermektin, Antihistaminik krem",
Atlet Ayağı (Tinea Pedis),"""Yazın tamamını havuzda geçirdikten sonra ayaklarım kaşınmaya ve parmak araları soyulmaya başladı. Derim artık çiğ ve yanıyor ve bulaşıcı bir şey olabileceğinden endişeleniyorum.""",yagli,"Antifungal sprey, Ayak deodorantı, Çinko pudra","Salisilik asitli temizleyici, Oil-free nemlendirici, Matlaştırıcı tonik"
Vitiligo,"""Merhaba doktor, göğsümde sürekli beliren bu beyaz noktalar hakkında konuşmayı düşünüyordum. Stresli veya kaygılı olduğumda daha çok ortaya çıkıyorlar ve bunun iş yerindeki özgüvenimi etkileyebileceğinden endişeleniyorum. Neler olduğunu açıklayabilir misiniz ve bununla başa çıkmak için yapabileceğim bir şey var mı?""",tum,"SPF50+ güneş koruyucu, Kamuflaj krem, Topikal kortikosteroid",
Egzama,"""Antrenmandan sonra cildim gerçekten tahriş oluyor, özellikle dirseklerim ve dizlerim çevresinde. Kaşınıyor ve ağrıyor ve performansımı etkiliyor.""",kuru,"Seramid nemlendirici, Topikal kortikosteroid krem, Lipid bariyer krem","Seramid nemlendirici, Lipid bariyer krem, Yağ bazlı temizleyici"
Uyuz,"""Son zamanlarda özellikle iç uyluklarımda ve karnımda ekstra kaşıntı hissediyorum. Bağışıklık sistemim için ilaç kullanıyorum, bu yüzden mantar enfeksiyonu veya başka bir şey olabileceğinden endişeleniyorum.""",tum,"Permetrin %5 krem, İvermektin, Antihistaminik krem",
Atlet Ayağı (Tinea Pedis),"""Bugünkü antrenmandan sonra ayaklarım sıcak ve iltihaplı hissetti, özellikle kemerlerin etrafında. Şimdi, çılgınca kaşınıyorlar ve ayak parmaklarımın arasında garip bir beyaz soyulma var.""",yagli,"Antifungal sprey, Ayak deodorantı, Çinko pudra","Salisilik asitli temizleyici, Oil-free nemlendirici, Matlaştırıcı tonik"
Saçkıran,"""Koç, göğsümde çok kaşınan ve beni rahatsız etmeyi bırakmayan halka şeklinde bir leke var. Bunun spor salonundaki ortak matı kullanmaktan kaynaklandığını düşünüyorum.""",tum,"Antifungal krem (Terbinafin), Antiseptik sabun, Çay ağacı yağı",
İmpetigo hastalığı,"""Eşimin ellerinde bahçede çalışmaktan kaynaklandığını söylediği kırmızı, kabuklu yaralar var. Ağrılı ve şiş görünüyorlar ve enfeksiyon kapmış olabileceğinden endişeleniyorum.""",hassas,"Mupirosin merhem, Antiseptik temizleyici, Kurutucu pudra","Termal su spreyi, Bariyer onarıcı krem, Anti-Redness krem"
Zona (Herpes Zoster),"""Ben bir öğretmenim ve sürekli olarak hasta çocuklara maruz kalıyorum. Şimdi sırtımda hareket etmeyi zorlaştıran bir yanma döküntüsü var. Bulaşıcı olabileceğimden ve öğrencilerimi riske atabileceğimden endişeleniyorum.""",tum,"Asiklovir krem, Yatıştırıcı losyon, Lidokainli krem",
Akne,"""Her zaman biraz sivilcem vardı, ancak son zamanlarda çok daha kötüleşti. Kendimi bilinçli hissetmeden aynaya bile bakamadığımı hissediyorum. Özgüvenimi ve sosyal hayatımı etkiliyor ve bu konuda kendimi gerçekten kötü hissediyorum. Cildimin normale dönmesine yardım edebilir misin?""",yagli,"Benzoyl Peroxide %5-10, Salisilik Asit %2, Niacinamide serum, Retinoid krem","Salisilik asitli temizleyici, Oil-free nemlendirici, Matlaştırıcı tonik"
Gül hastalığı,"""Cildim güneşe karşı çok hassas ve herhangi bir maruziyet rosacea'mı daha da kötüleştiriyor. Kırmızı lekeler ve püstüller oluşuyor ve gözlerim tahriş olmuş ve sulu hissediyor. Alevlenmeleri tetiklemeyen güneş kremi bulmakta zorlanıyorum.""",hassas,"Azelaik asit krem, Sükralfat bariyer krem, Termal sprey","Termal su spreyi, Bariyer onarıcı krem, Anti-Redness krem"
Folikülit,"""Yağ ve gres kullandığımız bir fabrikada çalışıyordum ve şimdi kollarımda ve ön kollarımda bu ağrılı şişlikler var. Siyah noktalara benziyorlar ama giderek büyüyorlar ve daha fazla iltihaplanıyorlar.""",yagli,"Benzoyl Peroxide %5, Salisilik asitli temizleyici, Tea tree oil","Salisilik asitli temizleyici, Oil-free nemlendirici, Matlaştırıcı tonik"
Folikülit,"""Uzun zamandır antibiyotik kullanıyorum ve şimdi kollarımda ve bacaklarımda kaşıntılı, kırmızı şişlikler var. Yayılıyor gibi görünüyorlar ve enfeksiyondan endişeleniyorum.""",yagli,"Benzoyl Peroxide %5, Salisilik asitli temizleyici, Tea tree oil","Salisilik asitli temizleyici, Oil-free nemlendirici, Matlaştırıcı tonik"
Vitiligo,"""Vitiligo teşhisi kondu ve tedavi seçenekleriyle ilgileniyorum. Kremler, ışık terapisi ve hatta ameliyat hakkında bir şeyler duydum. Her birinin artılarını ve eksilerini açıklayabilir ve vakam için en iyi yaklaşımı bulmama yardımcı olabilir misiniz?""",tum,"SPF50+ güneş koruyucu, Kamuflaj krem, Topikal kortikosteroid",
Zona (Herpes Zoster),"""Hamileyim ve kendimi iyi hissetmiyorum. Şimdi karnımda beni gerginleştiren yanma hissi veren bir kızarıklık var. Bebeğe zarar verebileceğinden endişeleniyorum ve ne yapacağımı bilmiyorum.""",tum,"Asiklovir krem, Yatıştırıcı losyon, Lidokainli krem",
Saçkıran,"""Kolumdaki bu kırmızı, halka şeklindeki lekeden endişeleniyorum. Bağışıklık sistemim çok iyi değil ve bunun zararsız bir kızarıklıktan daha fazlası olabileceğinden endişeleniyorum.""",tum,"Antifungal krem (Terbinafin), Antiseptik sabun, Çay ağacı yağı",
Uyuz,"""Son zamanlarda uyuz hastası bir hastayı tedavi ediyordum ve şimdi kendim de kaşınmaya başladım, özellikle bileklerimde ve dirseklerimin iç kısmında. Acaba onlardan mı kaptım?""",tum,"Permetrin %5 krem, İvermektin, Antihistaminik krem",
Akne,"""Merhaba doktor, son zamanlarda yüzümde küçük, kaşıntılı şişlikler fark ediyorum. Yayılıyor gibi görünüyorlar ve bazıları küçük beyaz noktalara bile dönüştü. Ne olduklarından emin değilim ama beni rahatsız ediyorlar ve daha da kötüleşebileceklerinden endişeleniyorum. Bir bakabilir misiniz?""",yagli,"Benzoyl Peroxide %5-10, Salisilik Asit %2, Niacinamide serum, Retinoid krem","Salisilik asitli temizleyici, Oil-free nemlendirici, Matlaştırıcı tonik"
Saçkıran,"""Anneciğim, karnım kaşınıyor! Yuvarlak, kırmızı bir leke var ve sürekli kaşımak istiyorum. Üzerine biraz krem sürebilir misin?""",tum,"Antifungal krem (Terbinafin), Antiseptik sabun, Çay ağacı yağı",
Sedef hastalığı,"""Dirseklerimdeki sedef lekeleri hamile kaldığımdan beri daha da kötü görünüyor. İlaç kullanımı ve bunların bebeğe olan etkisi konusunda endişeliyim.""",tum,"Katranlı şampuan, Salisilik asit krem, Nemlendirici",
Sedef hastalığı,"""Kollarımda ve bacaklarımda çirkin hissetmeme neden olan kırmızı, engebeli lekeler var. Artık şort veya atlet giymeyi sevmiyorum ve havuzdan kaçınıyorum.""",tum,"Katranlı şampuan, Salisilik asit krem, Nemlendirici",
Egzama,"""Ellerimde ve kollarımda kuru, kaşıntılı lekeler oluştu. Bu durum, işte odaklanmamı ve bulaşık yıkamak gibi basit işleri bile yapmamı zorlaştırıyor.""",kuru,"Seramid nemlendirici, Topikal kortikosteroid krem, Lipid bariyer krem","Seramid nemlendirici, Lipid bariyer krem, Yağ bazlı temizleyici"
Akne,"""Makyaj yapmayı seviyorum ama son zamanlarda sivilcelerimi daha da kötüleştiriyor gibi görünüyor. Fırçalarımı temiz tutmaya ve komedojenik olmayan ürünler kullanmaya çalışıyorum ama bu işe yaramıyor gibi görünüyor. Sizce makyajı tamamen bırakmanın zamanı geldi mi?""",yagli,"Benzoyl Peroxide %5-10, Salisilik Asit %2, Niacinamide serum, Retinoid krem","Salisilik asitli temizleyici, Oil-free nemlendirici, Matlaştırıcı tonik"
Kurdeşen (Ürtiker),"""Son zamanlarda stresli hissediyorum ve bugün göğsümde ve sırtımda aniden tüm bu kırmızı kabarıklıklar belirdi. Batıyorlar ve uyumamı zorlaştırıyorlar. Stres kurdeşenleri olabilir mi?""",hassas,"Antihistaminik krem, Seramid bariyer krem, Aloe vera jel","Termal su spreyi, Bariyer onarıcı krem, Anti-Redness krem"
Atlet Ayağı (Tinea Pedis),"""Anneciğim, ayaklarım o kadar çok kaşınıyor ki kaşımayı bırakamıyorum! Ve parmaklarımın arasında komik görünüyorlar, sanki beyaz deri soyuluyormuş gibi.""",yagli,"Antifungal sprey, Ayak deodorantı, Çinko pudra","Salisilik asitli temizleyici, Oil-free nemlendirici, Matlaştırıcı tonik"
Folikülit,"""Çenemde ve sakal bölgemde kırmızı, iltihaplı şişlikler var. Giderek büyüyorlar ve daha da ağrıyorlar ve yara izi kalmasından endişeleniyorum.""",yagli,"Benzoyl Peroxide %5, Salisilik asitli temizleyici, Tea tree oil","Salisilik asitli temizleyici, Oil-free nemlendirici, Matlaştırıcı tonik"
Kurdeşen (Ürtiker),"""Dün biraz kabuklu deniz ürünü yedikten sonra ellerimde ve yüzümde kaşıntılı kabarıklıklar oluşmaya başladı. Boğazım da biraz gergin hissediyor. Alerjik reaksiyon mu geçiriyorum?""",hassas,"Antihistaminik krem, Seramid bariyer krem, Aloe vera jel","Termal su spreyi, Bariyer onarıcı krem, Anti-Redness krem"
Uyuz,"""Koç, son zamanlarda parmaklarımın ve ayak parmaklarımın arasında yoğun bir kaşıntı hissediyorum. Antrenmanımı etkilemeye başladı ve bulaşıcı olabileceğinden endişeleniyorum. Ne yapmalıyım?""",tum,"Permetrin %5 krem, İvermektin, Antihistaminik krem",
Uyuz,"""Anne, ellerim ve kollarım çılgınca kaşınıyor! Kaşınmayı durduramıyorum ve bu beni ağlatıyor. Cildimde bir sorun mu var?""",tum,"Permetrin %5 krem, İvermektin, Antihistaminik krem",
Zona (Herpes Zoster),"""Ben bir motorcuyum ve uzun bir sürüşten sonra göğsümde garip bir kızarıklık fark ettim. Kırmızı ve kabarcıklı ve deri ceketimi giydiğimde çılgınca acıyor. Sadece sürtünme olduğunu düşünmüştüm ama şimdi endişeleniyorum.""",tum,"Asiklovir krem, Yatıştırıcı losyon, Lidokainli krem",
Kontakt Dermatit,"""Boynum kırmızı ve tahriş olmuş durumda ve aldığım yeni kolye de iz bırakmaya devam ediyor. İlk başlarda beni rahatsız etmiyordu ama şimdi gerçekten kaşınıyor ve rahatsız ediyor.""",hassas,"Topikal kortikosteroid krem, Seramid bariyer krem, Termal sprey","Termal su spreyi, Bariyer onarıcı krem, Anti-Redness krem"
Gül hastalığı,"""Yıllar geçtikçe burnumun kalınlaştığını ve şiştiğini fark ettim ve bunun rosacea hastalığımla ilgili olabileceğinden endişeleniyorum. Ayrıca yanaklarımda kırmızı lekeler ve gözle görülür kan damarları var.""",hassas,"Azelaik asit krem, Sükralfat bariyer krem, Termal sprey","Termal su spreyi, Bariyer onarıcı krem, Anti-Redness krem"
Uyuz,"""Hey doktor, vücudumun her yerinde, özellikle parmak aralarımda yoğun bir kaşıntı var. Beni çileden çıkarıyor! Kaşıntıyı durdurmak için her şeyi denedim ama geceleri daha da kötüleşiyor.""",tum,"Permetrin %5 krem, İvermektin, Antihistaminik krem",
Saçkıran,"""Anneciğim, egzamam kötüleşiyor gibi görünüyor. Her zamanki yamalar daha fazla kaşınıyor ve birinin etrafında yeni, kırmızı bir halka var. Farklı bir şey olabilir mi?""",tum,"Antifungal krem (Terbinafin), Antiseptik sabun, Çay ağacı yağı",
Gül hastalığı,"""Doktor, yüzüm son zamanlarda çok kırmızı ve kızarmış durumda, özellikle yanaklarım ve burnumun etrafı. Sürekli kızarıyormuşum gibi ve bu beni kendimden utandırıyor. Ayrıca bazen kaşıntılı ve yanık hissi veren küçük, kırmızı şişlikler de var.""",hassas,"Azelaik asit krem, Sükralfat bariyer krem, Termal sprey","Termal su spreyi, Bariyer onarıcı krem, Anti-Redness krem"
Kurdeşen (Ürtiker),"""Doktorum yeni ilacımın bu kurdeşenlere neden olabileceğini düşünüyor. Diğer semptomlarım kadar kötü değiller ama yine de can sıkıcılar.""",hassas,"Antihistaminik krem, Seramid bariyer krem, Aloe vera jel","Termal su spreyi, Bariyer onarıcı krem, Anti-Redness krem"
Vitiligo,"""Doktor, Vitiligo'nun ciddi bir tıbbi rahatsızlık olmadığını anlıyorum, ancak gerçekten öz saygımı ve sosyal hayatımı etkiliyor. Cildimi göstermek konusunda kendimi bilinçli hissediyorum ve başkalarından uzaklaşmaya başlıyorum. Herhangi bir kaynak veya destek grubu var mı?""",tum,"SPF50+ güneş koruyucu, Kamuflaj krem, Topikal kortikosteroid",
Saçkıran,"""Son zamanlarda çok fazla stres altındayım ve şimdi sırtımda geçmeyen kaşıntılı, dairesel bir leke var. Bunun stresle mi yoksa başka bir şeyle mi ilgili olduğundan emin değilim.""",tum,"Antifungal krem (Terbinafin), Antiseptik sabun, Çay ağacı yağı",
Egzama,"""Yüzüm son zamanlarda çılgınca sivilcelenmeye başladı ve gerçekten kaşınıyor. Utanç verici ve rahatsız edici ve özgüvenimi kaybetmeye başlıyorum.""",kuru,"Seramid nemlendirici, Topikal kortikosteroid krem, Lipid bariyer krem","Seramid nemlendirici, Lipid bariyer krem, Yağ bazlı temizleyici"
Egzama,"""Egzama olup olmadığımdan emin değilim ama cildimde kaşıntılı, kırmızı lekeler var. Bunu nasıl yönetebileceğimi ve daha da kötüleşmesini nasıl önleyebileceğimi bilmek istiyorum.""",kuru,"Seramid nemlendirici, Topikal kortikosteroid krem, Lipid bariyer krem","Seramid nemlendirici, Lipid bariyer krem, Yağ bazlı temizleyici"
Egzama,"""Son zamanlarda cildim, özellikle karnımda daha hassas hale geldi. Kaşınıyor ve kızarıyor ve bunun bebeği etkileyebileceğinden endişeleniyorum.""",kuru,"Seramid nemlendirici, Topikal kortikosteroid krem, Lipid bariyer krem","Seramid nemlendirici, Lipid bariyer krem, Yağ bazlı temizleyici"
Folikülit,"""Uyluklarımın üst kısmında çılgınca kaşınan minik, kırmızı şişlikler var. Tıraş olduktan veya dar giysiler giydikten sonra daha da kötüleşiyorlar.""",yagli,"Benzoyl Peroxide %5, Salisilik asitli temizleyici, Tea tree oil","Salisilik asitli temizleyici, Oil-free nemlendirici, Matlaştırıcı tonik"
Sedef hastalığı,"Kronik bir cilt rahatsızlığı olan sedef hastalığı, vücudun herhangi bir yerinde görülebilen kırmızı, pullu lekelerle karakterize çeşitli semptomlar gösterir. Genellikle kaşıntılı ve bazen ağrılı olan bu lekeler, boyut ve şiddet açısından farklılık gösterir. Yaygın olarak etkilenen bölgeler arasında dirsekler, dizler, kafa derisi ve alt sırt bulunur. Bireyler, kuru, çatlamış ve kanayabilen cilt ile birlikte kalınlaşmış, gümüş beyazı pullar yaşayabilir. Sedef hastalığı ayrıca bazı durumlarda çukurlaşma veya renk değişikliği gibi tırnak değişikliklerine ve eklem ağrısına neden olabilir. Semptomlar bireyler arasında farklılık gösterse de, bu rahatsızlığın kalıcı doğası fiziksel rahatsızlığa ve duygusal sıkıntıya yol açabilir ve semptom yönetimi için özel tedavi planları gerektirebilir.",tum,"Katranlı şampuan, Salisilik asit krem, Nemlendirici",
İmpetigo hastalığı,"""Yüzümdeki bu kaşıntılı kabarcıklar reçetesiz krem kullanmama rağmen geçmedi. Küçük başladılar ve şimdi sızıyorlar ve kabuklanıyorlar. İmpetigo olabilir mi?""",hassas,"Mupirosin merhem, Antiseptik temizleyici, Kurutucu pudra","Termal su spreyi, Bariyer onarıcı krem, Anti-Redness krem"
Vitiligo,"Pigmentasyonu etkileyen bir cilt rahatsızlığı olan vitiligo, belirgin semptomlar gösterir, özellikle melanin kaybına bağlı beyaz lekelerin gelişmesi. Bu lekeler genellikle yüz, eller, dirsekler, dizler ve genital bölge dahil olmak üzere vücudun çeşitli bölgelerinde görülür. Durum genellikle zamanla ilerler, öngörülemez şekilde yayılır veya sabit kalır. Vitiligo doğası gereği ağrılı veya bulaşıcı değildir, ancak belirgin görünümü nedeniyle duygusal sıkıntıya ve sosyal damgalanmaya yol açabilir. Belirgin depigmente lekelerin yanı sıra, vitiligolu kişiler saç derisi, kirpikler ve kaşlarda erken grileşme yaşayabilir ve bu da etkilenmemiş cilt bölgeleriyle olan kontrastı daha da belirginleştirir.",tum,"SPF50+ güneş koruyucu, Kamuflaj krem, Topikal kortikosteroid",
Gül hastalığı,"""Cildim son zamanlarda gerçekten hassaslaştı ve belirli ürünler ve hatta hava koşulları nedeniyle kolayca tahriş oluyor. Burnumda gelip giden kırmızı lekeler ve sivilceler var ve bazen gözlerim sulanıyor ve kaşınıyor.""",hassas,"Azelaik asit krem, Sükralfat bariyer krem, Termal sprey","Termal su spreyi, Bariyer onarıcı krem, Anti-Redness krem"
Sedef hastalığı,"""Cildim kaşınıyor ve bazen acıyor, arkadaşlarımınkinden farklı görünüyor. Annem buna sedef hastalığı diyor ama ben anlamıyorum.""",tum,"Katranlı şampuan, Salisilik asit krem, Nemlendirici",
İmpetigo hastalığı,"""Kolumda enfeksiyonlu gibi görünen ağrılı yaralar var. Kırmızı şişlikler olarak başladılar ve şimdi kabuklu ve bal rengindeler. Diyabet hastasıyım, bu yüzden enfeksiyondan endişeleniyorum.""",hassas,"Mupirosin merhem, Antiseptik temizleyici, Kurutucu pudra","Termal su spreyi, Bariyer onarıcı krem, Anti-Redness krem"
Kurdeşen (Ürtiker),"""Her yüzmeye gittiğimde veya soğuk bir şey içtiğimde dudaklarım şişiyor ve her yerimde kaşıntılı kabarcıklar oluşuyor. Bu utanç verici ve rahatsız edici.""",hassas,"Antihistaminik krem, Seramid bariyer krem, Aloe vera jel","Termal su spreyi, Bariyer onarıcı krem, Anti-Redness krem"
Sedef hastalığı,"""Dirseklerimde ve dizlerimde geçmeyen kırmızı, kaşıntılı lekeler var. Pul pul oluyorlar ve bazen kaşıdığımda kanıyorlar. Özellikle yazın, bunlar konusunda çok bilinçliyim.""",tum,"Katranlı şampuan, Salisilik asit krem, Nemlendirici",
Zona (Herpes Zoster),"""İyi uyuyamıyorum ve gözümde sürekli bir ağrı var. Şimdi alnımda görüşümü bulanıklaştıran kırmızı, kabuklu bir döküntü görüyorum. Kör olabileceğimden endişeleniyorum.""",tum,"Asiklovir krem, Yatıştırıcı losyon, Lidokainli krem",
Akne,"""Dersler ve iş arasında zar zor yeterli uyku alabiliyorum ve bunun cildimi etkilediğini düşünüyorum. Sivilcelerim kötüleşiyor gibi görünüyor ve gözlerimin altında koyu halkalar var. Daha fazla uyumam gerektiğini biliyorum ama zaman bulmak zor. Herhangi bir tavsiyeniz var mı?""",yagli,"Benzoyl Peroxide %5-10, Salisilik Asit %2, Niacinamide serum, Retinoid krem","Salisilik asitli temizleyici, Oil-free nemlendirici, Matlaştırıcı tonik"
Sedef hastalığı,"""Geleneksel ilaçları denedim, ancak benim için pek işe yaramadılar. Akupunktur veya diyet değişiklikleri gibi alternatif terapileri keşfetmekle ilgileniyorum.""",tum,"Katranlı şampuan, Salisilik asit krem, Nemlendirici",
